{
    "site_info": {
      "name": "Emlakjet",
      "base_url": "https://www.emlakjet.com",
      "encoding": "utf-8",
      "rate_limit": 10,
      "timeout": 30
    },
    
    "urls": {
      "search_base": "/satilik-konut",
      "sale_apartment": "/satilik-daire",
      "sale_house": "/satilik-mustakil-ev",
      "sale_villa": "/satilik-villa",
      "rent_apartment": "/kiralik-daire",
      "rent_house": "/kiralik-mustakil-ev"
    },
    
    "selectors": {
      "listing_container": "div.styles_listingWrapper__gVjYi",
      "listing_item": "div.styles_container__LUeRn",
      "property_id": "[data-id]",
      "title": "h3.styles_title__aKEGQ",
      "location": "span.styles_location__OwJiQ",
      "quick_info": "div.styles_quickinfoWrapper__Vsnk5",
      "price": "span.styles_price__F3pMQ",
      "url": "a.styles_wrapper__587DT",
      "image": "img.styles_imageClass___SLvt",
      "badges": "div.styles_badgewrapper__pS0rt",
      "next_page": "a[aria-label='Next']",
      "pagination": "nav.styles_pagination__"
    },
    
    "mappings": {
      "oda_sayisi": {
        "1": "Stüdyo",
        "2": "1",
        "3": "1+1",
        "4": "1.5+1",
        "5": "2+0",
        "6": "2+1",
        "7": "2.5+1",
        "8": "2+2",
        "9": "3+0",
        "10": "3+1",
        "11": "3.5+1",
        "12": "3+2",
        "13": "4+0",
        "14": "4+1",
        "15": "4.5+1",
        "16": "4+2",
        "17": "4+3",
        "18": "4+4",
        "19": "5+0",
        "20": "5+1",
        "21": "5+2",
        "22": "5+3",
        "23": "5+4",
        "24": "6+1",
        "25": "6+2",
        "26": "6+3",
        "27": "6+4",
        "28": "7+1",
        "29": "7+2",
        "30": "7+3",
        "31": "8+1",
        "32": "8+2",
        "33": "8+3",
        "34": "8+4",
        "35": "9+"
      },
      
      "binanin_yasi": {
        "1": "0 (Yeni)",
        "2": "1",
        "3": "2",
        "4": "3",
        "5": "4",
        "6": "5-10",
        "7": "11-15",
        "8": "16-20",
        "9": "21 ve üzeri"
      },
      
      "dairenin_kati": {
        "42": "Bodrum Kat",
        "55": "9",
        "14": "Kot 3 (-3)",
        "5": "19",
        "13": "Çatı Dubleks",
        "58": "2",
        "29": "4",
        "56": "Villa tipi",
        "27": "27",
        "38": "30",
        "49": "16",
        "11": "12",
        "25": "23",
        "36": "34",
        "47": "8",
        "30": "Bahçe katı",
        "41": "Yüksek giriş",
        "21": "Çatı Katı",
        "53": "38",
        "23": "1",
        "34": "17",
        "45": "13",
        "8": "24",
        "50": "35",
        "32": "31",
        "43": "20",
        "6": "7",
        "17": "28",
        "18": "39",
        "52": "Kot 4 (-4)",
        "4": "40+",
        "54": "Kot 2 (-2)",
        "60": "Müstakil",
        "57": "14",
        "28": "25",
        "39": "36",
        "12": "10",
        "26": "21",
        "37": "32",
        "48": "6",
        "31": "18",
        "20": "29",
        "10": "Kot 1 (-1)",
        "9": "Bahçe dublex",
        "24": "3",
        "35": "Düz Giriş (Zemin)",
        "46": "5",
        "40": "26",
        "51": "15",
        "19": "37",
        "22": "40",
        "33": "33",
        "44": "11",
        "7": "22"
      },
      
      "site_icerisinde": {
        "1": "Evet",
        "2": "Hayır"
      },
      
      "esya_durumu": {
        "1": "Boş",
        "2": "Eşyalı"
      }
    },
    
    "city_mappings": {
      "istanbul": "istanbul",
      "ankara": "ankara",
      "izmir": "izmir",
      "antalya": "antalya",
      "bursa": "bursa",
      "adana": "adana",
      "konya": "konya",
      "mersin": "mersin",
      "kayseri": "kayseri",
      "eskisehir": "eskisehir"
    },
    
    "property_type_mappings": {
      "daire": "satilik-daire",
      "apartment": "satilik-daire",
      "villa": "satilik-villa",
      "mustakil": "satilik-mustakil-ev",
      "residence": "satilik-residence",
      "yazlik": "satilik-yazlik"
    }
  }
  