{
  "cities": {
    "İstanbul": {
      "districts": [
        "Adalar", "Arnavutköy", "Ataşehir", "Avcılar", "Bağcılar", "Bahçelievler", "Bakırköy",
        "Başakşehir", "Bayrampaşa", "Beşiktaş", "Beykoz", "Beylikdüzü", "Beyoğlu", "Büyükçekmece",
        "Çatalca", "Çekmeköy", "Esenler", "Esenyurt", "Eyüpsultan", "Fatih", "Gaziosmanpaşa",
        "Güngören", "Kadıköy", "Kağıthane", "Kartal", "Küçükçekmece", "Maltepe", "Pendik",
        "Sancaktepe", "Sarıyer", "Silivri", "Sultanbeyli", "Sultangazi", "Şile", "Şişli",
        "Tuzla", "Ümraniye", "Üsküdar", "Zeytinburnu"
      ]
    },
    "Ankara": {
      "districts": [
        "Akyurt", "Altındağ", "Ayaş", "Bala", "Beypazarı", "Çamlıdere", "Çankaya", "Çubuk",
        "Elmadağ", "Etimesgut", "Evren", "Gölbaşı", "Güdül", "Haymana", "Kahramankazan",
        "Kalecik", "Keçiören", "Kızılcahamam", "Mamak", "Nallıhan", "Polatlı", "Pursaklar",
        "Sincan", "Şereflikoçhisar", "Yenimahalle"
      ]
    },
    "İzmir": {
      "districts": [
        "Aliağa", "Balçova", "Bayındır", "Bayraklı", "Bergama", "Beydağ", "Bornova", "Buca",
        "Çeşme", "Çiğli", "Dikili", "Foça", "Gaziemir", "Güzelbahçe", "Karabağlar", "Karaburun",
        "Karşıyaka", "Kemalpaşa", "Kınık", "Kiraz", "Konak", "Menderes", "Menemen", "Narlıdere",
        "Ödemiş", "Seferihisar", "Selçuk", "Tire", "Torbalı", "Urla"
      ]
    },
    "Antalya": {
      "districts": [
        "Akseki", "Aksu", "Alanya", "Döşemealtı", "Elmalı", "Finike", "Gazipaşa", "Gündoğmuş",
        "İbradı", "Kale", "Kaş", "Kemer", "Kepez", "Konyaaltı", "Korkuteli", "Kumluca",
        "Manavgat", "Muratpaşa", "Serik"
      ]
    },
    "Bursa": {
      "districts": [
        "Büyükorhan", "Gemlik", "Gürsu", "Harmancık", "İnegöl", "İznik", "Karacabey", "Keles",
        "Kestel", "Mudanya", "Mustafakemalpaşa", "Nilüfer", "Orhaneli", "Orhangazi", "Osmangazi",
        "Yenişehir", "Yıldırım"
      ]
    }
  },
  "neighborhoods": {
    "İstanbul": {
      "Kadıköy": [
        "19 Mayıs", "Acıbadem", "Bostancı", "Caferağa", "Caddebostan", "Erenköy", "Fenerbahçe",
        "Feneryolu", "Fikirtepe", "Göztepe", "Hasanpaşa", "Koşuyolu", "Kozyatağı", "Moda",
        "Rasimpaşa", "Sahrayıcedit", "Selamiçeşme", "Suadiye", "Zühtüpaşa"
      ],
      "Beşiktaş": [
        "Abbasağa", "Arnavutköy", "Bebek", "Dikilitaş", "Etiler", "Gayrettepe", "Konaklar",
        "Kuruçeşme", "Levent", "Muradiye", "Nisbetiye", "Ortaköy", "Sinanpaşa", "Ulus", "Vişnezade"
      ],
      "Şişli": [
        "19 Mayıs", "Bozkurt", "Cumhuriyet", "Eskişehir", "Feriköy", "Fulya", "Halaskargazi",
        "Harbiye", "İnönü", "Kaptanpaşa", "Kuştepe", "Mahmut Şevket Paşa", "Mecidiyeköy",
        "Merkez", "Meşrutiyet", "Pangaltı", "Teşvikiye"
      ],
      "Beyoğlu": [
        "Asmalımescit", "Bedrettin", "Bereketzade", "Billurcu", "Bulgurlumahalle", "Camiikebir",
        "Cihangir", "Çukur", "Evliya Çelebi", "Fetihtepe", "Firuzağa", "Galipdede", "Galata",
        "Hacıahmet", "Hacımimi", "Hasköy", "Hüseyinağa", "İstiklal", "Kamerhatun", "Kaptan-ı Derya",
        "Karaköy", "Katip Kasım", "Kemankeş", "Kulaksız", "Kılıçali Paşa", "Kuloğlu", "Müeyyedzade",
        "Necatibey", "Ömeravni", "Piri Paşa", "Pürtelaş Hasan Efendi", "Şahkulu", "Şehit Muhtar",
        "Sururi", "Sütlüce", "Talimhane", "Tomtom", "Yenişehir", "Yeşil Tulumba"
      ],
      "Bakırköy": [
        "Ataköy 1. Kısım", "Ataköy 2-5-6. Kısım", "Ataköy 3. Kısım", "Ataköy 4. Kısım",
        "Ataköy 7-8-9-10. Kısım", "Ataköy 11. Kısım", "Bahçelievler", "Basınköy", "Cevizlik",
        "Florya", "İncirli", "Kartaltepe", "Osmaniye", "Sakızağacı", "Şenlikköy", "Veliefendi",
        "Yeşilköy", "Yeşilyurt", "Zuhuratbaba"
      ]
    },
    "Ankara": {
      "Çankaya": [
        "06 Mart", "Abidinpaşa", "Ahırlı", "Alacaatlı", "Alemdar", "Anıttepe", "Aşağı Öveçler",
        "Ayrancı", "Bahçelievler", "Barbaros", "Beştepeler", "Birlik", "Büyükesat", "Çankaya",
        "Çukurambar", "Dikmen", "Emek", "Esat", "Gaziosmanpaşa", "Güvenevler", "Hilal",
        "Hoşdere", "İlkadım", "İmrahor", "İncesu", "İran", "Kavaklıdere", "Kızılay", "Konutkent",
        "Küçükesat", "Maltepe", "Öveçler", "Remzi Oğuz Arık", "Seyranbağları", "Söğütözü",
        "Şehit Daniş Tunalıgil", "Tahran", "Turan Güneş", "Ümit", "Üniversiteler", "Yıldız",
        "Yukarı Öveçler", "Yükseltepe"
      ],
      "Keçiören": [
        "19 Mayıs", "Aktepe", "Atapark", "Bağlarbaşı", "Basınevler", "Bişkek", "Etlik",
        "Eylül", "Güneşevler", "Haberal", "İncirli", "Kalaba", "Karşıyaka", "Keçiören",
        "Kuşcağız", "Ovacık", "Pınarbaşı", "Sanatoryum", "Subayevleri", "Şenyuva", "Tepebaşı",
        "Tuzluçayır", "Yakacık", "Yenidoğan", "Ziraat"
      ]
    },
    "İzmir": {
      "Konak": [
        "Akdeniz", "Alsancak", "Basmane", "Çankaya", "Eşrefpaşa", "Fatih", "Gazi", "Güzelyalı",
        "İkiçeşmelik", "İsmet Kaptan", "Kestane Pazarı", "Kültür", "Mersinli", "Mimar Kemalettin",
        "Mithatpaşa", "Piri Reis", "Postane", "Umurbey", "Yenişehir", "Zafer"
      ],
      "Karşıyaka": [
        "Alaybey", "Atakent", "Bahçelievler", "Bahriye Üçok", "Bostanlı", "Çarşı", "Demir",
        "Donanmacı", "Girne", "Karlıkaya", "Mavişehir", "Naldöken", "Örnekköy", "Şemikler",
        "Tuna", "Yamanlar", "Yalı", "Yenimahalle", "Zübeyde Hanım"
      ]
    }
  }
}
